18 Feb 2020 2:13PM,RT @ProgressSW: Hey #Singapore! Heading to #MSIgnite this week? Stop by booth #401 to say "Hey" üëã and win some awesome prizes when you down‚Ä¶,BenJohn987,1
18 Feb 2020 2:10PM,RT @NcovSurviving: It's right up against the Spanish Flu üò≠ #COVID19 #SARSCoV2 #deaths #coronavirus #outbreak #Wuhan #coverup #China #pandem‚Ä¶,nikkkilavoie,8
18 Feb 2020 2:09PM,RT @allsgstuff: He should have listened to Uncle Ben#Singapore #NTU #Spideysense ,_sy4hmii,4
18 Feb 2020 2:08PM,RT @AnitaGabrielBT: #Genting #Singapore‚Äôs 11th hour about turn to ditch its bid for Japan‚Äôs Osaka casino resort is curious; only days befor‚Ä¶,Pirabaagaran,3
18 Feb 2020 2:07PM,RT @SPGMarketIntel: Technology companies jostling to become banks in #Singapore demonstrate a growing convergence between #ecommerce and ba‚Ä¶,DometoNouvi,1
18 Feb 2020 2:07PM,RT @EnzoMazak: Love China! Love Wuhan!#ChinaVirus #WuhanCoronavirus#coronavirus #CoronavirusOutbreak #japan #Singapore #CCPChina https:/‚Ä¶,BJL1003,404
18 Feb 2020 2:04PM,RT @BusinessTimes: #Singapore Deputy Prime Minister and Finance Minister #HengSweeKeat will deliver his #SGBudget2020 speech in Parliament‚Ä¶,vanalich,1
18 Feb 2020 2:03PM,RT @EnzoMazak: Love China! Love Wuhan!#ChinaVirus #WuhanCoronavirus#coronavirus #CoronavirusOutbreak #japan #Singapore #CCPChina https:/‚Ä¶,__neverforgive_,404
18 Feb 2020 2:03PM,RT @Indounik: Flew from #Bali to #Singapore after its #coronavirus alert level was raised from yellow to orange. Went to Ngurah Rai early t‚Ä¶,meikhaefghijklm,41
18 Feb 2020 2:03PM,RT @EnzoMazak: Love China! Love Wuhan!#ChinaVirus #WuhanCoronavirus#coronavirus #CoronavirusOutbreak #japan #Singapore #CCPChina https:/‚Ä¶,FallWindFan,404
18 Feb 2020 2:02PM,#Singapore Deputy Prime Minister and Finance Minister #HengSweeKeat will deliver his #SGBudget2020 speech in Parliament at 3pm Singapore time (GMT+8hrs). Follow it all at ,BusinessTimes,1
18 Feb 2020 2:01PM,RT @EnzoMazak: Love China! Love Wuhan!#ChinaVirus #WuhanCoronavirus#coronavirus #CoronavirusOutbreak #japan #Singapore #CCPChina https:/‚Ä¶,Davidddhk,404
18 Feb 2020 2:00PM,Technology companies jostling to become banks in #Singapore demonstrate a growing convergence between #ecommerce and banking in Southeast Asia ,SPGMarketIntel,1
18 Feb 2020 2:00PM,RT @evacomics: This is the correct way to dispose your used masks. Remember to wash your hands with soap afterwards too. #COVID2019 #Singap‚Ä¶,Miss_Dewi26,445
18 Feb 2020 1:59PM,RT @EnzoMazak: Love China! Love Wuhan!#ChinaVirus #WuhanCoronavirus#coronavirus #CoronavirusOutbreak #japan #Singapore #CCPChina https:/‚Ä¶,HK7218311,404
18 Feb 2020 1:56PM,RT @EnzoMazak: Love China! Love Wuhan!#ChinaVirus #WuhanCoronavirus#coronavirus #CoronavirusOutbreak #japan #Singapore #CCPChina https:/‚Ä¶,WilliamLai10233,404
18 Feb 2020 1:56PM,RT @IAMIRONMAN7: Singapore. Cargo ships everywhere. Global economy has stopped. #singapore #cnbc #wuhan #coronavirus #covid19 #shanghai #WH‚Ä¶,konstantinosks,1177
18 Feb 2020 1:56PM,RT @Aligarciaherrer: In @BloombergTV today: my takeaways on #Singapore's budget. Even if stimulus announced with huge fanfare actually do‚Ä¶,josecdiez,2
18 Feb 2020 1:54PM,RT @hokxela: Timeline chart of Singapore COVID-19 CasesTotal 77 Recovered 24 ICU 4Updated 17 FebChart: Data:‚Ä¶,EvaSiu21,36
18 Feb 2020 1:54PM,RT @THAILANDMEDICA1: Thailand Ask It Citizens To Avoid Travel To Japan And Singapore Because Of Coronavirus..#thai‚Ä¶,HealthUpdates5,1
18 Feb 2020 1:53PM,RT @EnzoMazak: Love China! Love Wuhan!#ChinaVirus #WuhanCoronavirus#coronavirus #CoronavirusOutbreak #japan #Singapore #CCPChina https:/‚Ä¶,Eric_ChanKaChun,404
18 Feb 2020 1:53PM,RT @LoveandRoad: Heading to Singapore? Before you go read this Singapore travel guide highlighting everything you need to know including s‚Ä¶,redmarvelgirl21,1
18 Feb 2020 1:52PM,RT @fossasiasg: Lothar Schulz @lothar_schulz Engineering Manager @reachnow will be speaking about: '#OpenSource CI/CD components for #GitHu‚Ä¶,iamSafnaj,7
18 Feb 2020 1:51PM,RT @Duckydkdk: We Bare Bears Cafe üêªüêºü§é ‡∏ô‡πâ‡∏≠‡∏ô‡∏ö‡∏∏‡∏Å‡∏™‡∏¥‡∏á‡∏Ñ‡πÇ‡∏õ‡∏£‡πå‡∏•‡πâ‡∏≤‡∏ß ‡πÑ‡∏õ‡∏ñ‡πà‡∏≤‡∏¢‡∏£‡∏π‡∏õ‡∏Å‡∏±‡∏ô‡∏Ñ‡πà‡∏≤ ‡∏ô‡πà‡∏≤‡∏£‡∏±‡∏Å‡∏°‡∏±‡πà‡∏Å‡πÜ ‡∏≠‡∏≤‡∏´‡∏≤‡∏£‡∏≠‡∏£‡πà‡∏≠‡∏¢‡∏î‡πâ‡∏ß‡∏¢ „Ä∞Ô∏è‡∏≠‡∏¢‡∏π‡πà‡∏ï‡∏£‡∏á Bugis ‡∏£‡πâ‡∏≤‡∏ô Kumoya #singapor‚Ä¶,enimkrtn,12
18 Feb 2020 1:51PM,RT @hokxela: Timeline chart of Singapore COVID-19 CasesTotal 77 Recovered 24 ICU 4Updated 17 FebChart: Data:‚Ä¶,nus_sling,36
18 Feb 2020 1:49PM,RT @Bgirl_Shie_Chan: RFJ„ÅÆ„Ç™„Éº„Ç¨„Éä„Ç§„Ç∂„Éº„Åã„ÇâÊã°Êï£„ÅÆ„ÅäÈ°ò„ÅÑ„ÅßÂíåË®≥„Åï„Åõ„Å¶„ÇÇ„Çâ„ÅÑ„Åæ„Åó„Åü„ÄÇÁßÅ„ÅÆËã±Ë™û„ÉÅ„É£„É≥„Éç„É´„Åå„Åì„Çì„Å™È¢®„Å´ÂΩπ„Å´Á´ã„Å§„Å™„Çì„Å¶„ÄÇËâØ„Åë„Çå„Å∞„Ç∑„Çß„Ç¢„ÅäÈ°ò„ÅÑ„Åó„Åæ„Åôüôè#rfj #radikalforze #radicalforce #radikalforz‚Ä¶,CREAM_BandH,18
18 Feb 2020 1:44PM,RT @metrotrekker: The colour of Haw Par Villa a free outdoor art gallery in #Singapore which depicts Asian history and philosophy in a qui‚Ä¶,grumblebum3131,1
18 Feb 2020 1:43PM,RT @IAMIRONMAN7: Singapore. Cargo ships everywhere. Global economy has stopped. #singapore #cnbc #wuhan #coronavirus #covid19 #shanghai #WH‚Ä¶,LennonHeugel,1177
18 Feb 2020 1:40PM,RT @IAMIRONMAN7: Singapore. Cargo ships everywhere. Global economy has stopped. #singapore #cnbc #wuhan #coronavirus #covid19 #shanghai #WH‚Ä¶,K_B79,1177
18 Feb 2020 1:40PM,RT @EnzoMazak: Love China! Love Wuhan!#ChinaVirus #WuhanCoronavirus#coronavirus #CoronavirusOutbreak #japan #Singapore #CCPChina https:/‚Ä¶,petec2019,404
18 Feb 2020 1:34PM,RT @hokxela: Timeline chart of Singapore COVID-19 CasesTotal 77 Recovered 24 ICU 4Updated 17 FebChart: Data:‚Ä¶,JJ_Angelus,36
18 Feb 2020 1:27PM,RT @hokxela: Timeline chart of Singapore COVID-19 CasesTotal 77 Recovered 24 ICU 4Updated 17 FebChart: Data:‚Ä¶,yindee20,36
18 Feb 2020 1:25PM,RT @fmtoday: The deputy trade minister says markets will be 'less twitchy' about possible changes in deficit targets in view of the Covid-1‚Ä¶,Rambo7071,1
18 Feb 2020 1:24PM,RT @AIReDaily: A number of #insurers in #Singapore have announced free #insurance coverage of the #Wuhan #coronavirus #risk ‚Ä¶,mdiethert,1
18 Feb 2020 1:24PM,RT @BP_Chua: The highlight of Singapore Airshow 2020Ba Yi by China PLA Air Force (PLAAF) #SGAirshow2020 #SGAirshow #Singapore #Airshow #B‚Ä¶,FightingNavy,1
18 Feb 2020 1:23PM,RT @IAMIRONMAN7: Singapore. Cargo ships everywhere. Global economy has stopped. #singapore #cnbc #wuhan #coronavirus #covid19 #shanghai #WH‚Ä¶,slandry2002,1177
18 Feb 2020 1:23PM,RT @AdelynNogueras: Way to go @hokxela #Singapore! Hopefully #usa #florida will be as transparent! #coronavirus #covid19 @SenRickScott @hea‚Ä¶,JJ_Angelus,3
18 Feb 2020 1:21PM,RT @holidaybazaar: Best offers on #Singapore holiday packages. Visit . #travel #instaTravel #inst‚Ä¶,Ruben_Raaj,1
18 Feb 2020 1:20PM,RT @faker: #singapore ,mileysspaceboot,2041
18 Feb 2020 1:20PM,RT @evankirstel: #Japan and #Singapore appeared to be on the brink of recession as the #coronavirus epidemic disrupted tourism and supply c‚Ä¶,JJ_Angelus,7
18 Feb 2020 1:20PM,RT @iingwen: I bid #Singapore Trade Office Representative Wong a fond farewell & thanked him for supporting our #NewSouthboundPolicy & con‚Ä¶,RSedJUCBCSRnKU9,272
18 Feb 2020 1:20PM,A number of #insurers in #Singapore have announced free #insurance coverage of the #Wuhan #coronavirus #risk #nCoV #nCoV2019 #medical #health #healthcare #wuhanvirus #covid19,AIReDaily,1
18 Feb 2020 1:19PM,Hey #Singapore! Heading to #MSIgnite this week? Stop by booth #401 to say "Hey" üëã and win some awesome prizes when you download our free trial solutions: ,ProgressSW,1
18 Feb 2020 1:16PM,RT @Duckydkdk: We Bare Bears Cafe üêªüêºü§é ‡∏ô‡πâ‡∏≠‡∏ô‡∏ö‡∏∏‡∏Å‡∏™‡∏¥‡∏á‡∏Ñ‡πÇ‡∏õ‡∏£‡πå‡∏•‡πâ‡∏≤‡∏ß ‡πÑ‡∏õ‡∏ñ‡πà‡∏≤‡∏¢‡∏£‡∏π‡∏õ‡∏Å‡∏±‡∏ô‡∏Ñ‡πà‡∏≤ ‡∏ô‡πà‡∏≤‡∏£‡∏±‡∏Å‡∏°‡∏±‡πà‡∏Å‡πÜ ‡∏≠‡∏≤‡∏´‡∏≤‡∏£‡∏≠‡∏£‡πà‡∏≠‡∏¢‡∏î‡πâ‡∏ß‡∏¢ „Ä∞Ô∏è‡∏≠‡∏¢‡∏π‡πà‡∏ï‡∏£‡∏á Bugis ‡∏£‡πâ‡∏≤‡∏ô Kumoya #singapor‚Ä¶,EjiI3enz,12
18 Feb 2020 1:16PM,RT @JairoRRoaS: @VirnaJohnson @EmbacubaCol Traigan personal de #Finlandia  #EEUU #Singapore  pero no del pa√≠s que m√°s da√±o a causado a La‚Ä¶,CISALIA,11
18 Feb 2020 1:10PM,RT @hokxela: Timeline chart of Singapore COVID-19 CasesTotal 77 Recovered 24 ICU 4Updated 17 FebChart: Data:‚Ä¶,udo_blick,36
18 Feb 2020 1:09PM,RT @You_Tamil: Look at how detailed #Singapore #coronavirus update is. Wow well done. üôåüèæ ,miiiiiiiiiingh,179
18 Feb 2020 1:06PM,RT @EnzoMazak: Love China! Love Wuhan!#ChinaVirus #WuhanCoronavirus#coronavirus #CoronavirusOutbreak #japan #Singapore #CCPChina https:/‚Ä¶,dtc17788436,404
18 Feb 2020 1:05PM,RT @jenssen_jonas: #coronavirus #WHO #China Update 18th  Feb 2020#China:*72530 cases*6242 suspected*1870 deaths*12618 recoveredOther‚Ä¶,deri_allen,4
18 Feb 2020 1:03PM,RT @AlwinTechnology: "With great power comes great responsibility" also known as the Peter Parker principle is a proverb popularized by t‚Ä¶,valardev,1
18 Feb 2020 1:03PM,RT @Duckydkdk: We Bare Bears Cafe üêªüêºü§é ‡∏ô‡πâ‡∏≠‡∏ô‡∏ö‡∏∏‡∏Å‡∏™‡∏¥‡∏á‡∏Ñ‡πÇ‡∏õ‡∏£‡πå‡∏•‡πâ‡∏≤‡∏ß ‡πÑ‡∏õ‡∏ñ‡πà‡∏≤‡∏¢‡∏£‡∏π‡∏õ‡∏Å‡∏±‡∏ô‡∏Ñ‡πà‡∏≤ ‡∏ô‡πà‡∏≤‡∏£‡∏±‡∏Å‡∏°‡∏±‡πà‡∏Å‡πÜ ‡∏≠‡∏≤‡∏´‡∏≤‡∏£‡∏≠‡∏£‡πà‡∏≠‡∏¢‡∏î‡πâ‡∏ß‡∏¢ „Ä∞Ô∏è‡∏≠‡∏¢‡∏π‡πà‡∏ï‡∏£‡∏á Bugis ‡∏£‡πâ‡∏≤‡∏ô Kumoya #singapor‚Ä¶,mimRM,12
18 Feb 2020 1:02PM,RT @EnzoMazak: Love China! Love Wuhan!#ChinaVirus #WuhanCoronavirus#coronavirus #CoronavirusOutbreak #japan #Singapore #CCPChina https:/‚Ä¶,heian0824,404
18 Feb 2020 1:00PM,Heading to Singapore? Before you go read this Singapore travel guide highlighting everything you need to know including some of the unusual laws. ‚á®#visitsingapore #travel #Singapore via @RhondaAlbom,LoveandRoad,1
18 Feb 2020 12:59PM,RT @EnzoMazak: Love China! Love Wuhan!#ChinaVirus #WuhanCoronavirus#coronavirus #CoronavirusOutbreak #japan #Singapore #CCPChina https:/‚Ä¶,hkcaipira,404
18 Feb 2020 2:14PM,RT @j3ssi3: Took a break from energy for a bit. #Singapore builders seek force majeure advice as #coronavirus causes labour crunch  https:/‚Ä¶,sheldrick_aaron,1
18 Feb 2020 2:14PM,RT @EnzoMazak: Love China! Love Wuhan!#ChinaVirus #WuhanCoronavirus#coronavirus #CoronavirusOutbreak #japan #Singapore #CCPChina https:/‚Ä¶,Au_mo_ron,405
18 Feb 2020 2:13PM,RT @ProgressSW: Hey #Singapore! Heading to #MSIgnite this week? Stop by booth #401 to say "Hey" üëã and win some awesome prizes when you down‚Ä¶,BenJohn987,1
18 Feb 2020 2:11PM,Took a break from energy for a bit. #Singapore builders seek force majeure advice as #coronavirus causes labour crunch  ,j3ssi3,1
18 Feb 2020 2:10PM,RT @NcovSurviving: It's right up against the Spanish Flu üò≠ #COVID19 #SARSCoV2 #deaths #coronavirus #outbreak #Wuhan #coverup #China #pandem‚Ä¶,nikkkilavoie,8
18 Feb 2020 2:09PM,RT @allsgstuff: He should have listened to Uncle Ben#Singapore #NTU #Spideysense ,_sy4hmii,4
18 Feb 2020 2:08PM,RT @AnitaGabrielBT: #Genting #Singapore‚Äôs 11th hour about turn to ditch its bid for Japan‚Äôs Osaka casino resort is curious; only days befor‚Ä¶,Pirabaagaran,3
18 Feb 2020 2:07PM,RT @SPGMarketIntel: Technology companies jostling to become banks in #Singapore demonstrate a growing convergence between #ecommerce and ba‚Ä¶,DometoNouvi,1
18 Feb 2020 2:07PM,RT @EnzoMazak: Love China! Love Wuhan!#ChinaVirus #WuhanCoronavirus#coronavirus #CoronavirusOutbreak #japan #Singapore #CCPChina https:/‚Ä¶,BJL1003,405
18 Feb 2020 2:04PM,RT @BusinessTimes: #Singapore Deputy Prime Minister and Finance Minister #HengSweeKeat will deliver his #SGBudget2020 speech in Parliament‚Ä¶,vanalich,1
18 Feb 2020 2:03PM,RT @EnzoMazak: Love China! Love Wuhan!#ChinaVirus #WuhanCoronavirus#coronavirus #CoronavirusOutbreak #japan #Singapore #CCPChina https:/‚Ä¶,__neverforgive_,405
18 Feb 2020 2:03PM,RT @Indounik: Flew from #Bali to #Singapore after its #coronavirus alert level was raised from yellow to orange. Went to Ngurah Rai early t‚Ä¶,meikhaefghijklm,41
18 Feb 2020 2:03PM,RT @EnzoMazak: Love China! Love Wuhan!#ChinaVirus #WuhanCoronavirus#coronavirus #CoronavirusOutbreak #japan #Singapore #CCPChina https:/‚Ä¶,FallWindFan,405
18 Feb 2020 2:02PM,#Singapore Deputy Prime Minister and Finance Minister #HengSweeKeat will deliver his #SGBudget2020 speech in Parliament at 3pm Singapore time (GMT+8hrs). Follow it all at ,BusinessTimes,1
18 Feb 2020 2:01PM,RT @EnzoMazak: Love China! Love Wuhan!#ChinaVirus #WuhanCoronavirus#coronavirus #CoronavirusOutbreak #japan #Singapore #CCPChina https:/‚Ä¶,Davidddhk,405
18 Feb 2020 2:00PM,Technology companies jostling to become banks in #Singapore demonstrate a growing convergence between #ecommerce and banking in Southeast Asia ,SPGMarketIntel,1
18 Feb 2020 2:00PM,RT @evacomics: This is the correct way to dispose your used masks. Remember to wash your hands with soap afterwards too. #COVID2019 #Singap‚Ä¶,Miss_Dewi26,445
18 Feb 2020 1:59PM,RT @EnzoMazak: Love China! Love Wuhan!#ChinaVirus #WuhanCoronavirus#coronavirus #CoronavirusOutbreak #japan #Singapore #CCPChina https:/‚Ä¶,HK7218311,405
18 Feb 2020 1:56PM,RT @EnzoMazak: Love China! Love Wuhan!#ChinaVirus #WuhanCoronavirus#coronavirus #CoronavirusOutbreak #japan #Singapore #CCPChina https:/‚Ä¶,WilliamLai10233,405
18 Feb 2020 1:56PM,RT @IAMIRONMAN7: Singapore. Cargo ships everywhere. Global economy has stopped. #singapore #cnbc #wuhan #coronavirus #covid19 #shanghai #WH‚Ä¶,konstantinosks,1177
18 Feb 2020 1:56PM,RT @Aligarciaherrer: In @BloombergTV today: my takeaways on #Singapore's budget. Even if stimulus announced with huge fanfare actually do‚Ä¶,josecdiez,2
18 Feb 2020 1:54PM,RT @hokxela: Timeline chart of Singapore COVID-19 CasesTotal 77 Recovered 24 ICU 4Updated 17 FebChart: Data:‚Ä¶,EvaSiu21,36
18 Feb 2020 1:54PM,RT @THAILANDMEDICA1: Thailand Ask It Citizens To Avoid Travel To Japan And Singapore Because Of Coronavirus..#thai‚Ä¶,HealthUpdates5,1
18 Feb 2020 1:53PM,RT @EnzoMazak: Love China! Love Wuhan!#ChinaVirus #WuhanCoronavirus#coronavirus #CoronavirusOutbreak #japan #Singapore #CCPChina https:/‚Ä¶,Eric_ChanKaChun,405
18 Feb 2020 1:53PM,RT @LoveandRoad: Heading to Singapore? Before you go read this Singapore travel guide highlighting everything you need to know including s‚Ä¶,redmarvelgirl21,1
18 Feb 2020 1:52PM,RT @fossasiasg: Lothar Schulz @lothar_schulz Engineering Manager @reachnow will be speaking about: '#OpenSource CI/CD components for #GitHu‚Ä¶,iamSafnaj,7
18 Feb 2020 1:51PM,RT @Duckydkdk: We Bare Bears Cafe üêªüêºü§é ‡∏ô‡πâ‡∏≠‡∏ô‡∏ö‡∏∏‡∏Å‡∏™‡∏¥‡∏á‡∏Ñ‡πÇ‡∏õ‡∏£‡πå‡∏•‡πâ‡∏≤‡∏ß ‡πÑ‡∏õ‡∏ñ‡πà‡∏≤‡∏¢‡∏£‡∏π‡∏õ‡∏Å‡∏±‡∏ô‡∏Ñ‡πà‡∏≤ ‡∏ô‡πà‡∏≤‡∏£‡∏±‡∏Å‡∏°‡∏±‡πà‡∏Å‡πÜ ‡∏≠‡∏≤‡∏´‡∏≤‡∏£‡∏≠‡∏£‡πà‡∏≠‡∏¢‡∏î‡πâ‡∏ß‡∏¢ „Ä∞Ô∏è‡∏≠‡∏¢‡∏π‡πà‡∏ï‡∏£‡∏á Bugis ‡∏£‡πâ‡∏≤‡∏ô Kumoya #singapor‚Ä¶,enimkrtn,12
18 Feb 2020 1:51PM,RT @hokxela: Timeline chart of Singapore COVID-19 CasesTotal 77 Recovered 24 ICU 4Updated 17 FebChart: Data:‚Ä¶,nus_sling,36
18 Feb 2020 1:49PM,RT @Bgirl_Shie_Chan: RFJ„ÅÆ„Ç™„Éº„Ç¨„Éä„Ç§„Ç∂„Éº„Åã„ÇâÊã°Êï£„ÅÆ„ÅäÈ°ò„ÅÑ„ÅßÂíåË®≥„Åï„Åõ„Å¶„ÇÇ„Çâ„ÅÑ„Åæ„Åó„Åü„ÄÇÁßÅ„ÅÆËã±Ë™û„ÉÅ„É£„É≥„Éç„É´„Åå„Åì„Çì„Å™È¢®„Å´ÂΩπ„Å´Á´ã„Å§„Å™„Çì„Å¶„ÄÇËâØ„Åë„Çå„Å∞„Ç∑„Çß„Ç¢„ÅäÈ°ò„ÅÑ„Åó„Åæ„Åôüôè#rfj #radikalforze #radicalforce #radikalforz‚Ä¶,CREAM_BandH,18
18 Feb 2020 1:44PM,RT @metrotrekker: The colour of Haw Par Villa a free outdoor art gallery in #Singapore which depicts Asian history and philosophy in a qui‚Ä¶,grumblebum3131,1
18 Feb 2020 1:43PM,RT @IAMIRONMAN7: Singapore. Cargo ships everywhere. Global economy has stopped. #singapore #cnbc #wuhan #coronavirus #covid19 #shanghai #WH‚Ä¶,LennonHeugel,1177
18 Feb 2020 1:40PM,RT @IAMIRONMAN7: Singapore. Cargo ships everywhere. Global economy has stopped. #singapore #cnbc #wuhan #coronavirus #covid19 #shanghai #WH‚Ä¶,K_B79,1177
18 Feb 2020 1:40PM,RT @EnzoMazak: Love China! Love Wuhan!#ChinaVirus #WuhanCoronavirus#coronavirus #CoronavirusOutbreak #japan #Singapore #CCPChina https:/‚Ä¶,petec2019,405
18 Feb 2020 1:34PM,RT @hokxela: Timeline chart of Singapore COVID-19 CasesTotal 77 Recovered 24 ICU 4Updated 17 FebChart: Data:‚Ä¶,JJ_Angelus,36
18 Feb 2020 1:27PM,RT @hokxela: Timeline chart of Singapore COVID-19 CasesTotal 77 Recovered 24 ICU 4Updated 17 FebChart: Data:‚Ä¶,yindee20,36
18 Feb 2020 1:25PM,RT @fmtoday: The deputy trade minister says markets will be 'less twitchy' about possible changes in deficit targets in view of the Covid-1‚Ä¶,Rambo7071,1
18 Feb 2020 1:24PM,RT @AIReDaily: A number of #insurers in #Singapore have announced free #insurance coverage of the #Wuhan #coronavirus #risk ‚Ä¶,mdiethert,1
18 Feb 2020 1:24PM,RT @BP_Chua: The highlight of Singapore Airshow 2020Ba Yi by China PLA Air Force (PLAAF) #SGAirshow2020 #SGAirshow #Singapore #Airshow #B‚Ä¶,FightingNavy,1
18 Feb 2020 1:23PM,RT @IAMIRONMAN7: Singapore. Cargo ships everywhere. Global economy has stopped. #singapore #cnbc #wuhan #coronavirus #covid19 #shanghai #WH‚Ä¶,slandry2002,1177
18 Feb 2020 1:23PM,RT @AdelynNogueras: Way to go @hokxela #Singapore! Hopefully #usa #florida will be as transparent! #coronavirus #covid19 @SenRickScott @hea‚Ä¶,JJ_Angelus,3
18 Feb 2020 1:21PM,RT @holidaybazaar: Best offers on #Singapore holiday packages. Visit . #travel #instaTravel #inst‚Ä¶,Ruben_Raaj,1
18 Feb 2020 1:20PM,RT @faker: #singapore ,mileysspaceboot,2041
18 Feb 2020 1:20PM,RT @evankirstel: #Japan and #Singapore appeared to be on the brink of recession as the #coronavirus epidemic disrupted tourism and supply c‚Ä¶,JJ_Angelus,7
18 Feb 2020 1:20PM,RT @iingwen: I bid #Singapore Trade Office Representative Wong a fond farewell & thanked him for supporting our #NewSouthboundPolicy & con‚Ä¶,RSedJUCBCSRnKU9,272
18 Feb 2020 1:20PM,A number of #insurers in #Singapore have announced free #insurance coverage of the #Wuhan #coronavirus #risk #nCoV #nCoV2019 #medical #health #healthcare #wuhanvirus #covid19,AIReDaily,1
18 Feb 2020 1:19PM,Hey #Singapore! Heading to #MSIgnite this week? Stop by booth #401 to say "Hey" üëã and win some awesome prizes when you download our free trial solutions: ,ProgressSW,1
18 Feb 2020 1:16PM,RT @Duckydkdk: We Bare Bears Cafe üêªüêºü§é ‡∏ô‡πâ‡∏≠‡∏ô‡∏ö‡∏∏‡∏Å‡∏™‡∏¥‡∏á‡∏Ñ‡πÇ‡∏õ‡∏£‡πå‡∏•‡πâ‡∏≤‡∏ß ‡πÑ‡∏õ‡∏ñ‡πà‡∏≤‡∏¢‡∏£‡∏π‡∏õ‡∏Å‡∏±‡∏ô‡∏Ñ‡πà‡∏≤ ‡∏ô‡πà‡∏≤‡∏£‡∏±‡∏Å‡∏°‡∏±‡πà‡∏Å‡πÜ ‡∏≠‡∏≤‡∏´‡∏≤‡∏£‡∏≠‡∏£‡πà‡∏≠‡∏¢‡∏î‡πâ‡∏ß‡∏¢ „Ä∞Ô∏è‡∏≠‡∏¢‡∏π‡πà‡∏ï‡∏£‡∏á Bugis ‡∏£‡πâ‡∏≤‡∏ô Kumoya #singapor‚Ä¶,EjiI3enz,12
18 Feb 2020 1:16PM,RT @JairoRRoaS: @VirnaJohnson @EmbacubaCol Traigan personal de #Finlandia  #EEUU #Singapore  pero no del pa√≠s que m√°s da√±o a causado a La‚Ä¶,CISALIA,11
18 Feb 2020 1:10PM,RT @hokxela: Timeline chart of Singapore COVID-19 CasesTotal 77 Recovered 24 ICU 4Updated 17 FebChart: Data:‚Ä¶,udo_blick,36
18 Feb 2020 1:09PM,RT @You_Tamil: Look at how detailed #Singapore #coronavirus update is. Wow well done. üôåüèæ ,miiiiiiiiiingh,179
18 Feb 2020 1:06PM,RT @EnzoMazak: Love China! Love Wuhan!#ChinaVirus #WuhanCoronavirus#coronavirus #CoronavirusOutbreak #japan #Singapore #CCPChina https:/‚Ä¶,dtc17788436,405
18 Feb 2020 1:05PM,RT @jenssen_jonas: #coronavirus #WHO #China Update 18th  Feb 2020#China:*72530 cases*6242 suspected*1870 deaths*12618 recoveredOther‚Ä¶,deri_allen,4
18 Feb 2020 1:03PM,RT @AlwinTechnology: "With great power comes great responsibility" also known as the Peter Parker principle is a proverb popularized by t‚Ä¶,valardev,1
18 Feb 2020 1:03PM,RT @Duckydkdk: We Bare Bears Cafe üêªüêºü§é ‡∏ô‡πâ‡∏≠‡∏ô‡∏ö‡∏∏‡∏Å‡∏™‡∏¥‡∏á‡∏Ñ‡πÇ‡∏õ‡∏£‡πå‡∏•‡πâ‡∏≤‡∏ß ‡πÑ‡∏õ‡∏ñ‡πà‡∏≤‡∏¢‡∏£‡∏π‡∏õ‡∏Å‡∏±‡∏ô‡∏Ñ‡πà‡∏≤ ‡∏ô‡πà‡∏≤‡∏£‡∏±‡∏Å‡∏°‡∏±‡πà‡∏Å‡πÜ ‡∏≠‡∏≤‡∏´‡∏≤‡∏£‡∏≠‡∏£‡πà‡∏≠‡∏¢‡∏î‡πâ‡∏ß‡∏¢ „Ä∞Ô∏è‡∏≠‡∏¢‡∏π‡πà‡∏ï‡∏£‡∏á Bugis ‡∏£‡πâ‡∏≤‡∏ô Kumoya #singapor‚Ä¶,mimRM,12
18 Feb 2020 1:02PM,RT @EnzoMazak: Love China! Love Wuhan!#ChinaVirus #WuhanCoronavirus#coronavirus #CoronavirusOutbreak #japan #Singapore #CCPChina https:/‚Ä¶,heian0824,405
18 Feb 2020 1:00PM,Heading to Singapore? Before you go read this Singapore travel guide highlighting everything you need to know including some of the unusual laws. ‚á®#visitsingapore #travel #Singapore via @RhondaAlbom,LoveandRoad,1
